,model,accuracy,precision,recall,f1
0,LogisticRegression,0.4444444444444444,0.0,0.0,0.0
1,xgboost,0.4444444444444444,0.3333333333333333,0.25,0.28571428571428575
2,SVC,0.5555555555555556,0.0,0.0,0.0
3,DecisionTree,0.5555555555555556,0.5,0.25,0.3333333333333333
4,RandomForest,0.3333333333333333,0.0,0.0,0.0
5,NaiveBayes,0.5555555555555556,0.5,0.5,0.5
6,optimized NaiveBayes,0.5555555555555556,0.5,0.5,0.5
