,model,accuracy,precision,recall,f1
0,Logistic Regression,0.5555555555555556,0.5,0.5,0.5
1,xgboost,0.6666666666666666,1.0,0.25,0.4
2,SVC,0.7777777777777778,0.75,0.75,0.75
3,Decision Tree,0.6666666666666666,0.6666666666666666,0.5,0.5714285714285715
4,Random Forest,0.4444444444444444,0.0,0.0,0.0
5,Naive-Bayes,0.3333333333333333,0.0,0.0,0.0
6,MLPN,0.6666666666666666,0.6666666666666666,0.5,0.5714285714285715
